A,B,n_paired,acc_A,acc_B,diff_B_minus_A,diff_ci_low,diff_ci_high,b_only_A_correct,c_only_B_correct,p_exact,odds_ratio_c_over_b,cohens_g,p_holm,p_bh
deepseek-r1-llama-8b__reasoning_first/test__norag,deepseek-r1-llama-8b__reasoning_first/test__rag_k5,2165,0.933487,0.941339,0.007852,0.000924,0.015242,24,41,0.046353,1.693878,0.130769,0.53261,0.084981
gemma2-9b__reasoning_first/test__norag,gemma2-9b__reasoning_first/test__rag_k5,2165,0.961663,0.966282,0.004619,-0.000462,0.010162,12,22,0.121449,1.8,0.147059,1.0,0.166993
gemma3-12b__reasoning_first/test__norag,gemma3-12b__reasoning_first/test__rag_k5,2165,0.968591,0.970901,0.002309,-0.001848,0.006467,8,13,0.38331,1.588235,0.119048,1.0,0.421127
gemma3-1b__reasoning_first/test__norag,gemma3-1b__reasoning_first/test__rag_k5,2165,0.932102,0.943649,0.011547,0.003684,0.0194,28,53,0.007276,1.877193,0.154321,0.109133,0.020008
gemma3-270m__reasoning_first/test__norag,gemma3-270m__reasoning_first/test__rag_k5,2165,0.934873,0.93164,-0.003233,-0.012471,0.006005,56,49,0.558394,0.876106,0.033333,1.0,0.558394
gemma3-4b__reasoning_first/test__norag,gemma3-4b__reasoning_first/test__rag_k5,2165,0.951963,0.958891,0.006928,0.000924,0.013395,17,32,0.044384,1.857143,0.153061,0.53261,0.084981
llama3.2-1b__reasoning_first/test__norag,llama3.2-1b__reasoning_first/test__rag_k5,2165,0.946882,0.951501,0.004619,-0.003695,0.012009,30,40,0.281979,1.327869,0.071429,1.0,0.333744
qwen2.5-14b__reasoning_first/test__norag,qwen2.5-14b__reasoning_first/test__rag_k5,2165,0.956582,0.962587,0.006005,0.000924,0.011085,11,24,0.04096,2.130435,0.185714,0.532475,0.084981
qwen3-8b__reasoning_first/test__norag,qwen3-8b__reasoning_first/test__rag_k5,2165,0.959353,0.964896,0.005543,-0.000462,0.012471,18,30,0.111403,1.648649,0.125,1.0,0.166993
qwen3.5-2b__reasoning_first/test__norag,qwen3.5-2b__reasoning_first/test__rag_k5,2165,0.943649,0.961201,0.017552,0.011085,0.02448,11,49,1e-06,4.304348,0.316667,1.5e-05,6e-06
qwen3.5-9b__reasoning_first/test__norag,qwen3.5-9b__reasoning_first/test__rag_k5,2165,0.963048,0.968129,0.005081,0.0,0.010624,11,22,0.080143,1.956522,0.166667,0.801433,0.135627
deepseek-r1-llama-8b__reasoning_first/test_xsource__norag,deepseek-r1-llama-8b__reasoning_first/test_xsource__rag_k5,2367,0.845374,0.87368,0.028306,0.016477,0.039723,72,139,5e-06,1.924138,0.158768,8.8e-05,2.6e-05
gemma2-9b__reasoning_first/test_xsource__norag,gemma2-9b__reasoning_first/test_xsource__rag_k5,2367,0.826362,0.799747,-0.026616,-0.038868,-0.014787,130,67,8e-06,0.517241,0.159898,0.000152,3.7e-05
gemma3-12b__reasoning_first/test_xsource__norag,gemma3-12b__reasoning_first/test_xsource__rag_k5,2367,0.785805,0.792142,0.006337,-0.004647,0.016487,76,91,0.278612,1.196078,0.04491,1.0,0.333744
gemma3-1b__reasoning_first/test_xsource__norag,gemma3-1b__reasoning_first/test_xsource__rag_k5,2367,0.78496,0.801859,0.016899,0.00169,0.030841,138,178,0.028082,1.288809,0.063291,0.393149,0.068645
gemma3-270m__reasoning_first/test_xsource__norag,gemma3-270m__reasoning_first/test_xsource__rag_k5,2367,0.714406,0.779468,0.065061,0.050697,0.079848,88,242,0.0,2.740113,0.233333,0.0,0.0
gemma3-4b__reasoning_first/test_xsource__norag,gemma3-4b__reasoning_first/test_xsource__rag_k5,2367,0.765948,0.731728,-0.034221,-0.04606,-0.022391,158,77,0.0,0.488959,0.17234,3e-06,2e-06
llama3.2-1b__reasoning_first/test_xsource__norag,llama3.2-1b__reasoning_first/test_xsource__rag_k5,2367,0.684833,0.707647,0.022814,0.008872,0.038023,136,190,0.00327,1.395604,0.082822,0.052316,0.010276
qwen2.5-14b__reasoning_first/test_xsource__norag,qwen2.5-14b__reasoning_first/test_xsource__rag_k5,2367,0.801014,0.808196,0.007182,-0.00507,0.019434,105,122,0.288233,1.161137,0.037445,1.0,0.333744
qwen3-8b__reasoning_first/test_xsource__norag,qwen3-8b__reasoning_first/test_xsource__rag_k5,2367,0.758344,0.746515,-0.011829,-0.025771,0.002957,166,138,0.121346,0.831832,0.046053,1.0,0.166993
qwen3.5-2b__reasoning_first/test_xsource__norag,qwen3.5-2b__reasoning_first/test_xsource__rag_k5,2367,0.712294,0.718631,0.006337,-0.007182,0.020279,132,147,0.401984,1.113208,0.026882,1.0,0.421127
qwen3.5-9b__reasoning_first/test_xsource__norag,qwen3.5-9b__reasoning_first/test_xsource__rag_k5,2367,0.8327,0.849599,0.016899,0.005915,0.027883,64,104,0.002518,1.620155,0.119048,0.042806,0.009233
