n,accuracy,acc_ci_low,acc_ci_high,macro_f1,macro_f1_ci_low,macro_f1_ci_high,precision_native_ads,recall_native_ads,f1_native_ads,precision_berita_murni,recall_berita_murni,f1_berita_murni,mcc,balanced_accuracy,n_invalid,n_label_from_regex,run,mean_t_retrieval_s,mean_t_generation_s
2165,0.933487,0.922205,0.943234,0.933481,0.922379,0.943618,0.923982,0.944496,0.934126,0.943396,0.922509,0.932836,0.867192,0.933503,0,0,deepseek-r1-llama-8b__reasoning_first/test__norag,0.0,0.424904
2165,0.941339,0.930637,0.950478,0.941338,0.930579,0.950965,0.935219,0.948196,0.941663,0.947615,0.934502,0.941013,0.882766,0.941349,0,0,deepseek-r1-llama-8b__reasoning_first/test__rag_k5,0.007073,0.574749
2367,0.845374,0.83025,0.859378,0.844759,0.82983,0.858242,0.914116,0.768465,0.834986,0.793944,0.925129,0.854531,0.70079,0.846797,0,0,deepseek-r1-llama-8b__reasoning_first/test_xsource__norag,0.0,0.418896
2367,0.87368,0.859688,0.88646,0.873472,0.859478,0.887347,0.924953,0.818257,0.86834,0.831668,0.931153,0.878603,0.753007,0.874705,0,0,deepseek-r1-llama-8b__reasoning_first/test_xsource__rag_k5,0.009931,0.566765
2165,0.961663,0.952723,0.968967,0.96166,0.953266,0.969491,0.968985,0.953747,0.961305,0.954587,0.969557,0.962014,0.923438,0.961652,0,0,gemma2-9b__reasoning_first/test__norag,0.0,0.5357
2165,0.966282,0.957815,0.973097,0.966278,0.958819,0.974083,0.975472,0.956522,0.965904,0.957466,0.976015,0.966651,0.932737,0.966268,0,0,gemma2-9b__reasoning_first/test__rag_k5,0.002344,0.608929
2367,0.826362,0.810577,0.841091,0.826219,0.810673,0.840277,0.862888,0.783402,0.821227,0.794973,0.870912,0.831211,0.656085,0.827157,0,0,gemma2-9b__reasoning_first/test_xsource__norag,0.0,0.526506
2367,0.799747,0.783145,0.815377,0.799289,0.783902,0.815868,0.848427,0.738589,0.789707,0.761002,0.863167,0.808871,0.60558,0.800878,0,0,gemma2-9b__reasoning_first/test_xsource__rag_k5,0.002088,0.607174
2165,0.968591,0.960374,0.975149,0.968589,0.961154,0.97598,0.974695,0.962072,0.968343,0.962659,0.975092,0.968836,0.93726,0.968582,0,0,gemma3-12b__reasoning_first/test__norag,0.0,2.062554
2165,0.970901,0.962944,0.97719,0.970897,0.963971,0.977829,0.980189,0.961147,0.970574,0.961991,0.980627,0.97122,0.941977,0.970887,0,0,gemma3-12b__reasoning_first/test__rag_k5,0.011909,2.261139
2367,0.785805,0.768821,0.801862,0.785783,0.769994,0.802244,0.806678,0.761826,0.783611,0.766477,0.810671,0.787955,0.572826,0.786248,0,0,gemma3-12b__reasoning_first/test_xsource__norag,0.0,2.044452
2367,0.792142,0.775328,0.808009,0.791684,0.774104,0.807349,0.839201,0.73195,0.781915,0.754559,0.854561,0.801453,0.590125,0.793256,0,0,gemma3-12b__reasoning_first/test_xsource__rag_k5,0.010861,2.248416
2165,0.932102,0.920721,0.941951,0.932031,0.920938,0.942044,0.904679,0.965772,0.934228,0.963403,0.898524,0.929833,0.866187,0.932148,0,0,gemma3-1b__reasoning_first/test__norag,0.0,1.071038
2165,0.943649,0.933127,0.9526,0.943639,0.933487,0.95332,0.930818,0.958372,0.944394,0.957224,0.928967,0.942884,0.88769,0.943669,0,0,gemma3-1b__reasoning_first/test__rag_k5,0.015661,1.100136
2367,0.78496,0.767954,0.801042,0.784289,0.766457,0.800365,0.768934,0.825726,0.796319,0.804287,0.742685,0.77226,0.570811,0.784206,0,0,gemma3-1b__reasoning_first/test_xsource__norag,0.0,1.063902
2367,0.801859,0.785318,0.817422,0.801859,0.785382,0.81792,0.816695,0.787552,0.801859,0.787552,0.816695,0.801859,0.604247,0.802124,0,0,gemma3-1b__reasoning_first/test_xsource__rag_k5,0.02554,1.099407
2165,0.934873,0.92369,0.944516,0.938075,0.927744,0.948072,0.933697,0.950971,0.942255,0.949476,0.918819,0.933896,0.882928,0.934895,15,0,gemma3-270m__reasoning_first/test__norag,0.0,0.782339
2165,0.93164,0.920227,0.941524,0.935864,0.925865,0.946258,0.928893,0.954672,0.941606,0.952611,0.908672,0.930123,0.880964,0.931672,20,0,gemma3-270m__reasoning_first/test__rag_k5,0.004828,0.781688
2367,0.714406,0.695874,0.732244,0.717244,0.699772,0.735014,0.724938,0.726141,0.725539,0.715789,0.702238,0.708949,0.436961,0.714189,20,0,gemma3-270m__reasoning_first/test_xsource__norag,0.0,0.781165
2367,0.779468,0.76232,0.79571,0.782779,0.766058,0.799704,0.794314,0.788382,0.791337,0.778261,0.770224,0.774221,0.572678,0.779303,21,0,gemma3-270m__reasoning_first/test_xsource__rag_k5,0.006254,0.786824
2165,0.951963,0.942127,0.960198,0.951963,0.943173,0.960733,0.951062,0.952821,0.951941,0.952865,0.951107,0.951985,0.903928,0.951964,0,0,gemma3-4b__reasoning_first/test__norag,0.0,1.416125
2165,0.958891,0.949683,0.966474,0.958885,0.950111,0.967191,0.969697,0.947271,0.958353,0.948602,0.97048,0.959416,0.918025,0.958875,0,0,gemma3-4b__reasoning_first/test__rag_k5,0.018835,1.496884
2367,0.765948,0.748469,0.782566,0.765948,0.748988,0.781982,0.780362,0.751867,0.76585,0.752073,0.780551,0.766047,0.532426,0.766209,0,0,gemma3-4b__reasoning_first/test_xsource__norag,0.0,1.404243
2367,0.731728,0.713514,0.749191,0.731723,0.714815,0.749217,0.747396,0.714523,0.73059,0.716872,0.74957,0.732857,0.46418,0.732046,0,0,gemma3-4b__reasoning_first/test_xsource__rag_k5,0.011479,1.505192
2165,0.946882,0.936619,0.955562,0.94688,0.936689,0.956109,0.939891,0.954672,0.947223,0.954077,0.939114,0.946536,0.893877,0.946893,0,0,llama3.2-1b__reasoning_first/test__norag,0.0,0.20183
2165,0.951501,0.941625,0.959778,0.951499,0.941338,0.96025,0.956075,0.946346,0.951185,0.947032,0.956642,0.951813,0.903047,0.951494,0,0,llama3.2-1b__reasoning_first/test__rag_k5,0.01258,0.214648
2367,0.684833,0.66583,0.703237,0.684803,0.664956,0.702596,0.693671,0.682158,0.687866,0.675973,0.687608,0.681741,0.369705,0.684883,0,0,llama3.2-1b__reasoning_first/test_xsource__norag,0.0,0.200082
2367,0.707647,0.688999,0.725622,0.707287,0.688901,0.72448,0.73772,0.660581,0.697023,0.682453,0.756454,0.717551,0.418601,0.708518,0,0,llama3.2-1b__reasoning_first/test_xsource__rag_k5,0.01378,0.214524
2165,0.956582,0.947158,0.964388,0.956569,0.947343,0.964905,0.971347,0.940796,0.955827,0.942755,0.972325,0.957312,0.913611,0.95656,0,0,qwen2.5-14b__reasoning_first/test__norag,0.0,0.927004
2165,0.962587,0.953739,0.969796,0.96257,0.954262,0.970438,0.981696,0.942646,0.961774,0.944987,0.982472,0.963365,0.9259,0.962559,0,0,qwen2.5-14b__reasoning_first/test__rag_k5,0.011575,1.231423
2367,0.801014,0.784448,0.816604,0.800739,0.784288,0.816043,0.841713,0.750207,0.79333,0.767208,0.853701,0.808147,0.606409,0.801954,0,0,qwen2.5-14b__reasoning_first/test_xsource__norag,0.0,0.92161
2367,0.808196,0.79184,0.823553,0.80666,0.790836,0.821998,0.894848,0.706224,0.789425,0.75,0.913941,0.823894,0.632386,0.810083,0,0,qwen2.5-14b__reasoning_first/test_xsource__rag_k5,0.008803,1.232138
2165,0.959353,0.950189,0.96689,0.959351,0.951035,0.967185,0.964453,0.953747,0.95907,0.95438,0.964945,0.959633,0.918762,0.959346,0,0,qwen3-8b__reasoning_first/test__norag,0.0,0.494812
2165,0.964896,0.956283,0.971862,0.96489,0.957452,0.972272,0.976303,0.952821,0.964419,0.954054,0.976937,0.96536,0.930058,0.964879,0,0,qwen3-8b__reasoning_first/test__rag_k5,0.020092,0.615792
2367,0.758344,0.740688,0.775162,0.758278,0.741171,0.775225,0.76353,0.760996,0.762261,0.753002,0.755594,0.754296,0.516561,0.758295,0,0,qwen3-8b__reasoning_first/test_xsource__norag,0.0,0.489958
2367,0.746515,0.7286,0.76363,0.745759,0.727755,0.76321,0.792836,0.679668,0.731903,0.710645,0.815835,0.759615,0.499476,0.747751,0,0,qwen3-8b__reasoning_first/test_xsource__rag_k5,0.013039,0.616215
2165,0.943649,0.933127,0.9526,0.943646,0.934359,0.953341,0.936306,0.951896,0.944037,0.95122,0.935424,0.943256,0.887423,0.94366,0,0,qwen3.5-2b__reasoning_first/test__norag,0.0,0.498378
2165,0.961201,0.952216,0.968552,0.961192,0.95283,0.969028,0.97431,0.947271,0.9606,0.948833,0.975092,0.961783,0.922753,0.961182,0,0,qwen3.5-2b__reasoning_first/test__rag_k5,0.017806,0.535011
2367,0.712294,0.693725,0.730176,0.709694,0.692078,0.727584,0.689033,0.792531,0.737167,0.745158,0.629088,0.682221,0.427859,0.710809,0,0,qwen3.5-2b__reasoning_first/test_xsource__norag,0.0,0.488535
2367,0.718631,0.700173,0.736381,0.718623,0.700068,0.735941,0.729362,0.711203,0.720168,0.708054,0.726334,0.717077,0.437476,0.718769,0,0,qwen3.5-2b__reasoning_first/test_xsource__rag_k5,0.017447,0.526763
2165,0.963048,0.954247,0.97021,0.963033,0.955174,0.970848,0.981713,0.943571,0.962264,0.945826,0.982472,0.963801,0.926791,0.963022,0,0,qwen3.5-9b__reasoning_first/test__norag,0.0,0.700296
2165,0.968129,0.959861,0.974739,0.968126,0.960713,0.975049,0.97646,0.959297,0.967802,0.960109,0.976937,0.96845,0.936401,0.968117,0,0,qwen3.5-9b__reasoning_first/test__rag_k5,0.017929,0.78906
2367,0.8327,0.817127,0.847194,0.831998,0.81698,0.847054,0.900892,0.754357,0.821138,0.782032,0.913941,0.842857,0.675572,0.834149,0,0,qwen3.5-9b__reasoning_first/test_xsource__norag,0.0,0.694083
2367,0.849599,0.834632,0.863432,0.849205,0.83456,0.863395,0.907781,0.784232,0.841496,0.803922,0.917384,0.856913,0.706641,0.850808,0,0,qwen3.5-9b__reasoning_first/test_xsource__rag_k5,0.017226,0.779117
