run,field,group,n,n_native_gold,accuracy,acc_ci_low,acc_ci_high
gemma3-12b__reasoning_first/test__rag_k5_intervene-flip_each,host,kompas.com,19,0,1.0,0.831821,1.0
gemma3-12b__reasoning_first/test__rag_k5_intervene-flip_each,host,thestar.com,173,87,0.99422,0.967989,0.998979
gemma3-12b__reasoning_first/test__rag_k5_intervene-flip_each,host,biz.kompas.com,96,96,1.0,0.961524,1.0
gemma3-12b__reasoning_first/test__rag_k5_intervene-flip_each,host,sport.tempo.co,4,0,1.0,0.510109,1.0
gemma3-12b__reasoning_first/test__rag_k5_intervene-flip_each,host,tekno.tempo.co,5,1,0.8,0.375535,0.963776
gemma3-12b__reasoning_first/test__rag_k5_intervene-flip_each,host,viva.co.id,81,54,0.987654,0.933331,0.997817
gemma3-12b__reasoning_first/test__rag_k5_intervene-flip_each,host,lifestyle.sindonews.com,7,0,1.0,0.64567,1.0
gemma3-12b__reasoning_first/test__rag_k5_intervene-flip_each,host,oto.detik.com,4,0,1.0,0.510109,1.0
gemma3-12b__reasoning_first/test__rag_k5_intervene-flip_each,host,otomotif.tempo.co,4,0,0.75,0.300642,0.954413
gemma3-12b__reasoning_first/test__rag_k5_intervene-flip_each,host,tekno.sindonews.com,12,6,0.833333,0.551969,0.953035
gemma3-12b__reasoning_first/test__rag_k5_intervene-flip_each,host,metro.tempo.co,2,0,1.0,0.34238,1.0
gemma3-12b__reasoning_first/test__rag_k5_intervene-flip_each,host,bola.tempo.co,2,0,1.0,0.34238,1.0
gemma3-12b__reasoning_first/test__rag_k5_intervene-flip_each,host,sports.sindonews.com,1,1,1.0,0.206549,1.0
gemma3-12b__reasoning_first/test__rag_k5_intervene-flip_each,host,health.detik.com,5,1,0.8,0.375535,0.963776
gemma3-12b__reasoning_first/test__rag_k5_intervene-flip_each,host,bisnis.tempo.co,3,0,1.0,0.438503,1.0
gemma3-12b__reasoning_first/test__rag_k5_intervene-flip_each,host,health.kompas.com,3,0,1.0,0.438503,1.0
gemma3-12b__reasoning_first/test__rag_k5_intervene-flip_each,host,megapolitan.kompas.com,2,0,1.0,0.34238,1.0
gemma3-12b__reasoning_first/test__rag_k5_intervene-flip_each,host,nasional.sindonews.com,12,10,0.833333,0.551969,0.953035
gemma3-12b__reasoning_first/test__rag_k5_intervene-flip_each,host,lifestyle.kompas.com,4,0,1.0,0.510109,1.0
gemma3-12b__reasoning_first/test__rag_k5_intervene-flip_each,host,inet.detik.com,5,2,0.8,0.375535,0.963776
gemma3-12b__reasoning_first/test__rag_k5_intervene-flip_each,host,news.detik.com,5,1,1.0,0.565518,1.0
gemma3-12b__reasoning_first/test__rag_k5_intervene-flip_each,host,otomotif.kompas.com,5,1,0.8,0.375535,0.963776
gemma3-12b__reasoning_first/test__rag_k5_intervene-flip_each,host,otomotif.sindonews.com,4,2,1.0,0.510109,1.0
gemma3-12b__reasoning_first/test__rag_k5_intervene-flip_each,host,money.kompas.com,1,0,1.0,0.206549,1.0
gemma3-12b__reasoning_first/test__rag_k5_intervene-flip_each,host,edukasi.sindonews.com,5,2,1.0,0.565518,1.0
gemma3-12b__reasoning_first/test__rag_k5_intervene-flip_each,host,surabaya.kompas.com,1,0,1.0,0.206549,1.0
gemma3-12b__reasoning_first/test__rag_k5_intervene-flip_each,host,travel.tempo.co,5,0,1.0,0.565518,1.0
gemma3-12b__reasoning_first/test__rag_k5_intervene-flip_each,host,food.detik.com,6,1,0.833333,0.436497,0.969947
gemma3-12b__reasoning_first/test__rag_k5_intervene-flip_each,host,daerah.sindonews.com,3,0,0.666667,0.20766,0.938508
gemma3-12b__reasoning_first/test__rag_k5_intervene-flip_each,host,gaya.tempo.co,6,0,1.0,0.609666,1.0
gemma3-12b__reasoning_first/test__rag_k5_intervene-flip_each,host,finance.detik.com,4,0,1.0,0.510109,1.0
gemma3-12b__reasoning_first/test__rag_k5_intervene-flip_each,host,dunia.tempo.co,1,0,1.0,0.206549,1.0
gemma3-12b__reasoning_first/test__rag_k5_intervene-flip_each,host,seleb.tempo.co,2,0,1.0,0.34238,1.0
gemma3-12b__reasoning_first/test__rag_k5_intervene-flip_each,host,sport.detik.com,2,0,1.0,0.34238,1.0
gemma3-12b__reasoning_first/test__rag_k5_intervene-flip_each,host,wolipop.detik.com,1,0,1.0,0.206549,1.0
gemma3-12b__reasoning_first/test__rag_k5_intervene-flip_each,host,ekbis.sindonews.com,2,1,1.0,0.34238,1.0
gemma3-12b__reasoning_first/test__rag_k5_intervene-flip_each,host,tekno.kompas.com,1,0,1.0,0.206549,1.0
gemma3-12b__reasoning_first/test__rag_k5_intervene-flip_each,host,nasional.kompas.com,1,0,1.0,0.206549,1.0
gemma3-12b__reasoning_first/test__rag_k5_intervene-flip_each,host,regional.kompas.com,1,0,1.0,0.206549,1.0
gemma3-12b__reasoning_first/test__rag_k5_intervene-flip_each,section,global,4,0,1.0,0.510109,1.0
gemma3-12b__reasoning_first/test__rag_k5_intervene-flip_each,section,skola,6,0,1.0,0.609666,1.0
gemma3-12b__reasoning_first/test__rag_k5_intervene-flip_each,section,sports,45,1,1.0,0.921348,1.0
gemma3-12b__reasoning_first/test__rag_k5_intervene-flip_each,section,biz,96,96,1.0,0.961524,1.0
gemma3-12b__reasoning_first/test__rag_k5_intervene-flip_each,section,sport,8,0,1.0,0.675592,1.0
gemma3-12b__reasoning_first/test__rag_k5_intervene-flip_each,section,tekno,18,7,0.833333,0.60778,0.941634
gemma3-12b__reasoning_first/test__rag_k5_intervene-flip_each,section,homey,1,0,1.0,0.206549,1.0
gemma3-12b__reasoning_first/test__rag_k5_intervene-flip_each,section,tren,2,0,1.0,0.34238,1.0
gemma3-12b__reasoning_first/test__rag_k5_intervene-flip_each,section,siaran-pers,53,53,1.0,0.932418,1.0
gemma3-12b__reasoning_first/test__rag_k5_intervene-flip_each,section,lifestyle,11,0,1.0,0.741167,1.0
gemma3-12b__reasoning_first/test__rag_k5_intervene-flip_each,section,news,35,1,1.0,0.901099,1.0
gemma3-12b__reasoning_first/test__rag_k5_intervene-flip_each,section,globenewswire,87,87,1.0,0.957712,1.0
gemma3-12b__reasoning_first/test__rag_k5_intervene-flip_each,section,oto,4,0,1.0,0.510109,1.0
gemma3-12b__reasoning_first/test__rag_k5_intervene-flip_each,section,otomotif,13,3,0.846154,0.577654,0.956742
gemma3-12b__reasoning_first/test__rag_k5_intervene-flip_each,section,entertainment,2,0,1.0,0.34238,1.0
gemma3-12b__reasoning_first/test__rag_k5_intervene-flip_each,section,metro,2,0,1.0,0.34238,1.0
gemma3-12b__reasoning_first/test__rag_k5_intervene-flip_each,section,bola,6,0,1.0,0.609666,1.0
gemma3-12b__reasoning_first/test__rag_k5_intervene-flip_each,section,health,8,1,0.875,0.529112,0.977583
gemma3-12b__reasoning_first/test__rag_k5_intervene-flip_each,section,bisnis,3,0,1.0,0.438503,1.0
gemma3-12b__reasoning_first/test__rag_k5_intervene-flip_each,section,business,8,0,0.875,0.529112,0.977583
gemma3-12b__reasoning_first/test__rag_k5_intervene-flip_each,section,digital,4,1,0.75,0.300642,0.954413
gemma3-12b__reasoning_first/test__rag_k5_intervene-flip_each,section,megapolitan,2,0,1.0,0.34238,1.0
gemma3-12b__reasoning_first/test__rag_k5_intervene-flip_each,section,edukasi,7,2,1.0,0.64567,1.0
gemma3-12b__reasoning_first/test__rag_k5_intervene-flip_each,section,nasional,13,10,0.846154,0.577654,0.956742
gemma3-12b__reasoning_first/test__rag_k5_intervene-flip_each,section,inet,5,2,0.8,0.375535,0.963776
gemma3-12b__reasoning_first/test__rag_k5_intervene-flip_each,section,money,1,0,1.0,0.206549,1.0
gemma3-12b__reasoning_first/test__rag_k5_intervene-flip_each,section,surabaya,1,0,1.0,0.206549,1.0
gemma3-12b__reasoning_first/test__rag_k5_intervene-flip_each,section,travel,5,0,1.0,0.565518,1.0
gemma3-12b__reasoning_first/test__rag_k5_intervene-flip_each,section,food,10,1,0.9,0.59585,0.982124
gemma3-12b__reasoning_first/test__rag_k5_intervene-flip_each,section,daerah,3,0,0.666667,0.20766,0.938508
gemma3-12b__reasoning_first/test__rag_k5_intervene-flip_each,section,gaya,6,0,1.0,0.609666,1.0
gemma3-12b__reasoning_first/test__rag_k5_intervene-flip_each,section,showbiz,10,0,1.0,0.722467,1.0
gemma3-12b__reasoning_first/test__rag_k5_intervene-flip_each,section,berita,3,0,1.0,0.438503,1.0
gemma3-12b__reasoning_first/test__rag_k5_intervene-flip_each,section,properti,2,0,1.0,0.34238,1.0
gemma3-12b__reasoning_first/test__rag_k5_intervene-flip_each,section,finance,4,0,1.0,0.510109,1.0
gemma3-12b__reasoning_first/test__rag_k5_intervene-flip_each,section,trending,1,0,1.0,0.206549,1.0
gemma3-12b__reasoning_first/test__rag_k5_intervene-flip_each,section,dunia,1,0,1.0,0.206549,1.0
gemma3-12b__reasoning_first/test__rag_k5_intervene-flip_each,section,seleb,2,0,1.0,0.34238,1.0
gemma3-12b__reasoning_first/test__rag_k5_intervene-flip_each,section,wolipop,1,0,1.0,0.206549,1.0
gemma3-12b__reasoning_first/test__rag_k5_intervene-flip_each,section,ekbis,2,1,1.0,0.34238,1.0
gemma3-12b__reasoning_first/test__rag_k5_intervene-flip_each,section,politics,1,0,1.0,0.206549,1.0
gemma3-12b__reasoning_first/test__rag_k5_intervene-flip_each,section,opinion,1,0,1.0,0.206549,1.0
gemma3-12b__reasoning_first/test__rag_k5_intervene-flip_each,section,gaya-hidup,1,0,1.0,0.206549,1.0
gemma3-12b__reasoning_first/test__rag_k5_intervene-flip_each,section,regional,1,0,1.0,0.206549,1.0
gemma3-12b__reasoning_first/test__rag_k5_intervene-flip_each,section,ragam,1,0,1.0,0.206549,1.0
