run,lang,n,accuracy,acc_ci_low,acc_ci_high,macro_f1,macro_f1_ci_low,macro_f1_ci_high,precision_native_ads,recall_native_ads,f1_native_ads,precision_berita_murni,recall_berita_murni,f1_berita_murni,mcc,balanced_accuracy,n_invalid,n_label_from_regex,fisher_p
encoders__bert-base-multilingual-cased/test,en,717,0.998605,0.992143,0.999754,0.998605,0.995803,1.0,0.99726,1.0,0.998628,1.0,0.997167,0.998582,0.997214,0.998584,0,0,
encoders__bert-base-multilingual-cased/test,id,1448,0.933011,0.918955,0.944776,0.932991,0.920548,0.946067,0.939093,0.924686,0.931834,0.927224,0.941176,0.934148,0.86609,0.932931,0,0,
encoders__bert-base-multilingual-cased/test,id_minus_en,2165,-0.065594,-0.079698,-0.052171,,,,,,,,,,,,,,0.0
encoders__bert-base-multilingual-cased/test_xsource,id,2367,0.872412,0.858366,0.885252,0.871711,0.858482,0.88554,0.957447,0.784232,0.862226,0.811594,0.963855,0.881196,0.758492,0.874044,0,0,
encoders__indobert-base-p1/test,en,717,0.988842,0.978139,0.994336,0.988839,0.981814,0.995811,0.986339,0.991758,0.989041,0.991453,0.985836,0.988636,0.977693,0.988797,0,0,
encoders__indobert-base-p1/test,id,1448,0.928177,0.913714,0.940373,0.92815,0.914198,0.941288,0.935989,0.917713,0.926761,0.920805,0.93844,0.929539,0.856474,0.928077,0,0,
encoders__indobert-base-p1/test,id_minus_en,2165,-0.060666,-0.076136,-0.044439,,,,,,,,,,,,,,0.0
encoders__indobert-base-p1/test_xsource,id,2367,0.863963,0.849561,0.877186,0.862975,0.847593,0.876893,0.959417,0.765145,0.851339,0.79872,0.966437,0.874611,0.744741,0.865791,0,0,
encoders__xlm-roberta-base/test,en,717,0.995816,0.987771,0.998576,0.995814,0.990219,1.0,0.991826,1.0,0.995896,1.0,0.991501,0.995733,0.991664,0.995751,0,0,
encoders__xlm-roberta-base/test,id,1448,0.946133,0.93328,0.956625,0.946124,0.933667,0.957123,0.948107,0.942817,0.945455,0.944218,0.949384,0.946794,0.892263,0.946101,0,0,
encoders__xlm-roberta-base/test,id_minus_en,2165,-0.049683,-0.062829,-0.036462,,,,,,,,,,,,,,0.0
encoders__xlm-roberta-base/test_xsource,id,2367,0.664554,0.645281,0.683295,0.661157,0.642188,0.679642,0.646891,0.751037,0.695084,0.690083,0.574871,0.62723,0.331395,0.662954,0,0,
gemma3-12b__reasoning_first/test__norag,en,717,0.997211,0.989887,0.999235,0.99721,0.993004,1.0,0.994536,1.0,0.99726,1.0,0.994334,0.997159,0.994435,0.997167,0,0,
gemma3-12b__reasoning_first/test__norag,id,1448,0.95442,0.942422,0.964013,0.9544,0.943236,0.964004,0.964337,0.942817,0.953456,0.945114,0.9658,0.955345,0.909034,0.954309,0,0,
gemma3-12b__reasoning_first/test__norag,id_minus_en,2165,-0.042791,-0.054958,-0.030721,,,,,,,,,,,,,,0.0
gemma3-12b__reasoning_first/test__rag_k5,en,717,0.997211,0.989887,0.999235,0.99721,0.993017,1.0,0.994536,1.0,0.99726,1.0,0.994334,0.997159,0.994435,0.997167,0,0,
gemma3-12b__reasoning_first/test__rag_k5,id,1448,0.957873,0.946258,0.967065,0.957845,0.947509,0.96848,0.972622,0.941423,0.956768,0.944297,0.974008,0.958923,0.916175,0.957715,0,0,
gemma3-12b__reasoning_first/test__rag_k5,id_minus_en,2165,-0.039338,-0.051128,-0.027585,,,,,,,,,,,,,,0.0
gemma3-12b__reasoning_first/test_xsource__norag,id,2367,0.785805,0.768821,0.801862,0.785783,0.76907,0.8018,0.806678,0.761826,0.783611,0.766477,0.810671,0.787955,0.572826,0.786248,0,0,
gemma3-12b__reasoning_first/test_xsource__rag_k5,id,2367,0.792142,0.775328,0.808009,0.791684,0.774992,0.807725,0.839201,0.73195,0.781915,0.754559,0.854561,0.801453,0.590125,0.793256,0,0,
knn/bge-m3/test__1nn,en,717,0.965132,0.949035,0.976273,0.9651,0.951166,0.976254,0.952,0.980769,0.966171,0.979532,0.949008,0.964029,0.930655,0.964889,0,0,
knn/bge-m3/test__1nn,id,1448,0.84047,0.820712,0.858426,0.840468,0.820042,0.860036,0.830163,0.852162,0.841019,0.851124,0.829001,0.839917,0.681225,0.840582,0,0,
knn/bge-m3/test__1nn,id_minus_en,2165,-0.124663,-0.147345,-0.100547,,,,,,,,,,,,,,0.0
knn/bge-m3/test__weighted_k5,en,717,0.974895,0.960667,0.984062,0.974881,0.963709,0.985329,0.967568,0.983516,0.975477,0.982709,0.966006,0.974286,0.949899,0.974761,0,0,
knn/bge-m3/test__weighted_k5,id,1448,0.853591,0.834447,0.870864,0.853402,0.834839,0.870115,0.822478,0.898187,0.858667,0.890226,0.80985,0.848138,0.710366,0.854018,0,0,
knn/bge-m3/test__weighted_k5,id_minus_en,2165,-0.121304,-0.14253,-0.098926,,,,,,,,,,,,,,0.0
knn/bge-m3/test_xsource__1nn,id,2367,0.797634,0.780973,0.813331,0.797495,0.780358,0.812777,0.796569,0.809129,0.8028,0.798775,0.785714,0.792191,0.595093,0.797421,0,0,
knn/bge-m3/test_xsource__weighted_k5,id,2367,0.850866,0.835947,0.864648,0.85064,0.836512,0.863855,0.839713,0.873859,0.856446,0.863432,0.827022,0.844835,0.702012,0.850441,0,0,
knn/e5-large/test__1nn,en,717,0.973501,0.958984,0.982971,0.97348,0.960854,0.984658,0.962466,0.986264,0.97422,0.985465,0.96034,0.97274,0.947267,0.973302,0,0,
knn/e5-large/test__1nn,id,1448,0.86395,0.845326,0.880649,0.86383,0.845545,0.88256,0.835917,0.902371,0.867874,0.896142,0.826265,0.859786,0.730346,0.864318,0,0,
knn/e5-large/test__1nn,id_minus_en,2165,-0.10955,-0.130444,-0.087424,,,,,,,,,,,,,,0.0
knn/e5-large/test__weighted_k5,en,717,0.970711,0.955641,0.980765,0.970673,0.958094,0.98316,0.952507,0.991758,0.971736,0.991124,0.949008,0.969609,0.942198,0.970383,0,0,
knn/e5-large/test__weighted_k5,id,1448,0.872928,0.854781,0.889102,0.872724,0.85479,0.889325,0.837769,0.921897,0.877822,0.915023,0.824897,0.867626,0.749787,0.873397,0,0,
knn/e5-large/test__weighted_k5,id_minus_en,2165,-0.097783,-0.118529,-0.075677,,,,,,,,,,,,,,0.0
knn/e5-large/test_xsource__1nn,id,2367,0.801014,0.784448,0.816604,0.800859,0.785713,0.816791,0.79886,0.814108,0.806412,0.803336,0.787435,0.795306,0.60187,0.800772,0,0,
knn/e5-large/test_xsource__weighted_k5,id,2367,0.836924,0.821498,0.851259,0.836483,0.822282,0.849895,0.818677,0.873029,0.84498,0.858595,0.799484,0.827986,0.674888,0.836256,0,0,
knn/minilm/test__1nn,en,717,0.948396,0.929681,0.962332,0.948364,0.932843,0.963735,0.940701,0.958791,0.94966,0.956647,0.937677,0.947067,0.896908,0.948234,0,0,
knn/minilm/test__1nn,id,1448,0.73895,0.715717,0.760919,0.738229,0.715984,0.760648,0.710037,0.799163,0.751969,0.775351,0.679891,0.72449,0.482211,0.739527,0,0,
knn/minilm/test__1nn,id_minus_en,2165,-0.209446,-0.236538,-0.180586,,,,,,,,,,,,,,0.0
knn/minilm/test__weighted_k5,en,717,0.95258,0.934467,0.96587,0.952539,0.936419,0.967738,0.941176,0.967033,0.95393,0.965015,0.937677,0.951149,0.90545,0.952355,0,0,
knn/minilm/test__weighted_k5,id,1448,0.770718,0.748367,0.791637,0.768969,0.74871,0.791201,0.724621,0.866109,0.789072,0.837563,0.677155,0.748865,0.552643,0.771632,0,0,
knn/minilm/test__weighted_k5,id_minus_en,2165,-0.181862,-0.207866,-0.154191,,,,,,,,,,,,,,0.0
knn/minilm/test_xsource__1nn,id,2367,0.675116,0.655979,0.693686,0.674581,0.655636,0.693444,0.673291,0.702905,0.687779,0.677187,0.646299,0.661383,0.34984,0.674602,0,0,
knn/minilm/test_xsource__weighted_k5,id,2367,0.722011,0.703614,0.739688,0.721353,0.704184,0.74127,0.714174,0.756846,0.734891,0.731193,0.685886,0.707815,0.444048,0.721366,0,0,
zeroshot__gemma3-12b/test__norag,en,717,0.842399,0.813913,0.867236,0.840882,0.812715,0.86803,0.943463,0.733516,0.825348,0.776498,0.954674,0.856417,0.703896,0.844095,0,0,
zeroshot__gemma3-12b/test__norag,id,1448,0.702348,0.678288,0.725338,0.702109,0.678792,0.725716,0.685233,0.737796,0.710544,0.721893,0.667579,0.693674,0.40625,0.702688,0,0,
zeroshot__gemma3-12b/test__norag,id_minus_en,2165,-0.140051,-0.174631,-0.103445,,,,,,,,,,,,,,0.0
