run,signal,n,coverage,accuracy,macro_f1
gemma3-12b__reasoning_first/test__norag,positive_tone,2165,1.0,0.829561,0.685221
gemma3-12b__reasoning_first/test__norag,persuasive,2165,1.0,0.874365,0.867136
gemma3-12b__reasoning_first/test__norag,brand_promotion,2165,1.0,0.870208,0.866926
gemma3-12b__reasoning_first/test__norag,single_perspective,2165,1.0,0.768591,0.649495
gemma3-12b__reasoning_first/test__norag,label_matches_rule_on_own_signals,2165,,0.984296,
gemma3-12b__reasoning_first/test__rag_k5,positive_tone,2165,1.0,0.831409,0.693865
gemma3-12b__reasoning_first/test__rag_k5,persuasive,2165,1.0,0.875289,0.868113
gemma3-12b__reasoning_first/test__rag_k5,brand_promotion,2165,1.0,0.873903,0.869021
gemma3-12b__reasoning_first/test__rag_k5,single_perspective,2165,1.0,0.776443,0.6831
gemma3-12b__reasoning_first/test__rag_k5,label_matches_rule_on_own_signals,2165,,0.9806,
gemma3-12b__reasoning_first/test_xsource__norag,positive_tone,2367,1.0,0.735108,0.556529
gemma3-12b__reasoning_first/test_xsource__norag,persuasive,2367,1.0,0.779468,0.779467
gemma3-12b__reasoning_first/test_xsource__norag,brand_promotion,2367,1.0,0.764259,0.764102
gemma3-12b__reasoning_first/test_xsource__norag,single_perspective,2367,1.0,0.775243,0.472643
gemma3-12b__reasoning_first/test_xsource__norag,label_matches_rule_on_own_signals,2367,,0.991973,
gemma3-12b__reasoning_first/test_xsource__rag_k5,positive_tone,2367,1.0,0.736375,0.529696
gemma3-12b__reasoning_first/test_xsource__rag_k5,persuasive,2367,1.0,0.784115,0.783802
gemma3-12b__reasoning_first/test_xsource__rag_k5,brand_promotion,2367,1.0,0.769328,0.769298
gemma3-12b__reasoning_first/test_xsource__rag_k5,single_perspective,2367,1.0,0.773553,0.554902
gemma3-12b__reasoning_first/test_xsource__rag_k5,label_matches_rule_on_own_signals,2367,,0.992818,
zeroshot__gemma3-12b/test__norag,positive_tone,2165,1.0,0.595843,0.424918
zeroshot__gemma3-12b/test__norag,persuasive,2165,1.0,0.553349,0.543752
zeroshot__gemma3-12b/test__norag,brand_promotion,2165,1.0,0.732102,0.726457
zeroshot__gemma3-12b/test__norag,single_perspective,2165,1.0,0.750577,0.587605
zeroshot__gemma3-12b/test__norag,label_matches_rule_on_own_signals,2165,,0.71963,
